productId,title,url,descText
12987517638,Re: flower of evil jacket,https://smartstore.naver.com/xenicolack/products/12987517638,[수집실패] 스마트스토어 접속 제한 페이지로 상세설명 미수집
12954569209,Re: kevin shirts,https://smartstore.naver.com/xenicolack/products/12954569209,[수집실패] 스마트스토어 접속 제한 페이지로 상세설명 미수집
12898733412,Re: kevin's pants,https://smartstore.naver.com/xenicolack/products/12898733412,[수집실패] 스마트스토어 접속 제한 페이지로 상세설명 미수집
12750665896,EVA-JACEKT,https://smartstore.naver.com/xenicolack/products/12750665896,[수집실패] 스마트스토어 접속 제한 페이지로 상세설명 미수집
12750550748,Akira Jacket,https://smartstore.naver.com/xenicolack/products/12750550748,[수집실패] 스마트스토어 접속 제한 페이지로 상세설명 미수집
12750370101,Roronoa Coat,https://smartstore.naver.com/xenicolack/products/12750370101,[수집실패] 스마트스토어 접속 제한 페이지로 상세설명 미수집
12750289181,Mononoke Jacket,https://smartstore.naver.com/xenicolack/products/12750289181,[수집실패] 스마트스토어 접속 제한 페이지로 상세설명 미수집
12484352509,Mononoke Pants,https://smartstore.naver.com/xenicolack/products/12484352509,[수집실패] 스마트스토어 접속 제한 페이지로 상세설명 미수집
12484330301,Mononoke Bolero,https://smartstore.naver.com/xenicolack/products/12484330301,[수집실패] 스마트스토어 접속 제한 페이지로 상세설명 미수집
12484310979,enico MIX shirts,https://smartstore.naver.com/xenicolack/products/12484310979,[수집실패] 스마트스토어 접속 제한 페이지로 상세설명 미수집
12483153706,Knit Shark,https://smartstore.naver.com/xenicolack/products/12483153706,[수집실패] 스마트스토어 접속 제한 페이지로 상세설명 미수집
12483114304,Flannel double-label shirt,https://smartstore.naver.com/xenicolack/products/12483114304,[수집실패] 스마트스토어 접속 제한 페이지로 상세설명 미수집
12419625593,enico veck 2025 denim jacket,https://smartstore.naver.com/xenicolack/products/12419625593,[수집실패] 스마트스토어 접속 제한 페이지로 상세설명 미수집
12419570574,enico veck'92s denim hood jacket,https://smartstore.naver.com/xenicolack/products/12419570574,[수집실패] 스마트스토어 접속 제한 페이지로 상세설명 미수집
12419532271,enico MIX pants,https://smartstore.naver.com/xenicolack/products/12419532271,[수집실패] 스마트스토어 접속 제한 페이지로 상세설명 미수집
12411038354,(2) way shirt,https://smartstore.naver.com/xenicolack/products/12411038354,[수집실패] 스마트스토어 접속 제한 페이지로 상세설명 미수집
12378336984,Drake back,https://smartstore.naver.com/xenicolack/products/12378336984,[수집실패] 스마트스토어 접속 제한 페이지로 상세설명 미수집
12378312691,Drake back (ready),https://smartstore.naver.com/xenicolack/products/12378312691,[수집실패] 스마트스토어 접속 제한 페이지로 상세설명 미수집
12378290685,Drake Tshirts,https://smartstore.naver.com/xenicolack/products/12378290685,[수집실패] 스마트스토어 접속 제한 페이지로 상세설명 미수집
12370373672,Baby Loa,https://smartstore.naver.com/xenicolack/products/12370373672,[수집실패] 스마트스토어 접속 제한 페이지로 상세설명 미수집
12370352257,Popcorn,https://smartstore.naver.com/xenicolack/products/12370352257,[수집실패] 스마트스토어 접속 제한 페이지로 상세설명 미수집
12370141106,Flower,https://smartstore.naver.com/xenicolack/products/12370141106,[수집실패] 스마트스토어 접속 제한 페이지로 상세설명 미수집
12357240726,D-,https://smartstore.naver.com/xenicolack/products/12357240726,[수집실패] 스마트스토어 접속 제한 페이지로 상세설명 미수집
12357141515,new dream,https://smartstore.naver.com/xenicolack/products/12357141515,[수집실패] 스마트스토어 접속 제한 페이지로 상세설명 미수집
12356503728,Charm whale,https://smartstore.naver.com/xenicolack/products/12356503728,[수집실패] 스마트스토어 접속 제한 페이지로 상세설명 미수집
12356485126,Doll man,https://smartstore.naver.com/xenicolack/products/12356485126,[수집실패] 스마트스토어 접속 제한 페이지로 상세설명 미수집
11985873950,Night Dee,https://smartstore.naver.com/xenicolack/products/11985873950,[수집실패] 스마트스토어 접속 제한 페이지로 상세설명 미수집
11985851214,Dee,https://smartstore.naver.com/xenicolack/products/11985851214,[수집실패] 스마트스토어 접속 제한 페이지로 상세설명 미수집
11985761430,Dee (Black),https://smartstore.naver.com/xenicolack/products/11985761430,[수집실패] 스마트스토어 접속 제한 페이지로 상세설명 미수집
11985549583,Dee,https://smartstore.naver.com/xenicolack/products/11985549583,[수집실패] 스마트스토어 접속 제한 페이지로 상세설명 미수집
11985513043,New Dee,https://smartstore.naver.com/xenicolack/products/11985513043,[수집실패] 스마트스토어 접속 제한 페이지로 상세설명 미수집
11985483562,Blue Dee,https://smartstore.naver.com/xenicolack/products/11985483562,[수집실패] 스마트스토어 접속 제한 페이지로 상세설명 미수집
11985452653,enico pet bag,https://smartstore.naver.com/xenicolack/products/11985452653,[수집실패] 스마트스토어 접속 제한 페이지로 상세설명 미수집
11985411499,enico pet bag 2,https://smartstore.naver.com/xenicolack/products/11985411499,[수집실패] 스마트스토어 접속 제한 페이지로 상세설명 미수집
11187002300,Enico bag & pet!!,https://smartstore.naver.com/xenicolack/products/11187002300,[수집실패] 스마트스토어 접속 제한 페이지로 상세설명 미수집